[{"model": "auth.permission", "pk": 1, "fields": {"name": "Can add log entry", "content_type": 1, "codename": "add_logentry"}}, {"model": "auth.permission", "pk": 2, "fields": {"name": "Can change log entry", "content_type": 1, "codename": "change_logentry"}}, {"model": "auth.permission", "pk": 3, "fields": {"name": "Can delete log entry", "content_type": 1, "codename": "delete_logentry"}}, {"model": "auth.permission", "pk": 4, "fields": {"name": "Can view log entry", "content_type": 1, "codename": "view_logentry"}}, {"model": "auth.permission", "pk": 5, "fields": {"name": "Can add permission", "content_type": 3, "codename": "add_permission"}}, {"model": "auth.permission", "pk": 6, "fields": {"name": "Can change permission", "content_type": 3, "codename": "change_permission"}}, {"model": "auth.permission", "pk": 7, "fields": {"name": "Can delete permission", "content_type": 3, "codename": "delete_permission"}}, {"model": "auth.permission", "pk": 8, "fields": {"name": "Can view permission", "content_type": 3, "codename": "view_permission"}}, {"model": "auth.permission", "pk": 9, "fields": {"name": "Can add group", "content_type": 2, "codename": "add_group"}}, {"model": "auth.permission", "pk": 10, "fields": {"name": "Can change group", "content_type": 2, "codename": "change_group"}}, {"model": "auth.permission", "pk": 11, "fields": {"name": "Can delete group", "content_type": 2, "codename": "delete_group"}}, {"model": "auth.permission", "pk": 12, "fields": {"name": "Can view group", "content_type": 2, "codename": "view_group"}}, {"model": "auth.permission", "pk": 13, "fields": {"name": "Can add content type", "content_type": 4, "codename": "add_contenttype"}}, {"model": "auth.permission", "pk": 14, "fields": {"name": "Can change content type", "content_type": 4, "codename": "change_contenttype"}}, {"model": "auth.permission", "pk": 15, "fields": {"name": "Can delete content type", "content_type": 4, "codename": "delete_contenttype"}}, {"model": "auth.permission", "pk": 16, "fields": {"name": "Can view content type", "content_type": 4, "codename": "view_contenttype"}}, {"model": "auth.permission", "pk": 17, "fields": {"name": "Can add session", "content_type": 5, "codename": "add_session"}}, {"model": "auth.permission", "pk": 18, "fields": {"name": "Can change session", "content_type": 5, "codename": "change_session"}}, {"model": "auth.permission", "pk": 19, "fields": {"name": "Can delete session", "content_type": 5, "codename": "delete_session"}}, {"model": "auth.permission", "pk": 20, "fields": {"name": "Can view session", "content_type": 5, "codename": "view_session"}}, {"model": "auth.permission", "pk": 21, "fields": {"name": "Can add Token", "content_type": 6, "codename": "add_token"}}, {"model": "auth.permission", "pk": 22, "fields": {"name": "Can change Token", "content_type": 6, "codename": "change_token"}}, {"model": "auth.permission", "pk": 23, "fields": {"name": "Can delete Token", "content_type": 6, "codename": "delete_token"}}, {"model": "auth.permission", "pk": 24, "fields": {"name": "Can view Token", "content_type": 6, "codename": "view_token"}}, {"model": "auth.permission", "pk": 25, "fields": {"name": "Can add Token", "content_type": 7, "codename": "add_tokenproxy"}}, {"model": "auth.permission", "pk": 26, "fields": {"name": "Can change Token", "content_type": 7, "codename": "change_tokenproxy"}}, {"model": "auth.permission", "pk": 27, "fields": {"name": "Can delete Token", "content_type": 7, "codename": "delete_tokenproxy"}}, {"model": "auth.permission", "pk": 28, "fields": {"name": "Can view Token", "content_type": 7, "codename": "view_tokenproxy"}}, {"model": "auth.permission", "pk": 29, "fields": {"name": "Can add daily report", "content_type": 9, "codename": "add_dailyreport"}}, {"model": "auth.permission", "pk": 30, "fields": {"name": "Can change daily report", "content_type": 9, "codename": "change_dailyreport"}}, {"model": "auth.permission", "pk": 31, "fields": {"name": "Can delete daily report", "content_type": 9, "codename": "delete_dailyreport"}}, {"model": "auth.permission", "pk": 32, "fields": {"name": "Can view daily report", "content_type": 9, "codename": "view_dailyreport"}}, {"model": "auth.permission", "pk": 33, "fields": {"name": "Can add medicine", "content_type": 11, "codename": "add_medicine"}}, {"model": "auth.permission", "pk": 34, "fields": {"name": "Can change medicine", "content_type": 11, "codename": "change_medicine"}}, {"model": "auth.permission", "pk": 35, "fields": {"name": "Can delete medicine", "content_type": 11, "codename": "delete_medicine"}}, {"model": "auth.permission", "pk": 36, "fields": {"name": "Can view medicine", "content_type": 11, "codename": "view_medicine"}}, {"model": "auth.permission", "pk": 37, "fields": {"name": "Can add patient", "content_type": 13, "codename": "add_patient"}}, {"model": "auth.permission", "pk": 38, "fields": {"name": "Can change patient", "content_type": 13, "codename": "change_patient"}}, {"model": "auth.permission", "pk": 39, "fields": {"name": "Can delete patient", "content_type": 13, "codename": "delete_patient"}}, {"model": "auth.permission", "pk": 40, "fields": {"name": "Can view patient", "content_type": 13, "codename": "view_patient"}}, {"model": "auth.permission", "pk": 41, "fields": {"name": "Can add User", "content_type": 17, "codename": "add_user"}}, {"model": "auth.permission", "pk": 42, "fields": {"name": "Can change User", "content_type": 17, "codename": "change_user"}}, {"model": "auth.permission", "pk": 43, "fields": {"name": "Can delete User", "content_type": 17, "codename": "delete_user"}}, {"model": "auth.permission", "pk": 44, "fields": {"name": "Can view User", "content_type": 17, "codename": "view_user"}}, {"model": "auth.permission", "pk": 45, "fields": {"name": "Can add consultation", "content_type": 8, "codename": "add_consultation"}}, {"model": "auth.permission", "pk": 46, "fields": {"name": "Can change consultation", "content_type": 8, "codename": "change_consultation"}}, {"model": "auth.permission", "pk": 47, "fields": {"name": "Can delete consultation", "content_type": 8, "codename": "delete_consultation"}}, {"model": "auth.permission", "pk": 48, "fields": {"name": "Can view consultation", "content_type": 8, "codename": "view_consultation"}}, {"model": "auth.permission", "pk": 49, "fields": {"name": "Can add notification", "content_type": 12, "codename": "add_notification"}}, {"model": "auth.permission", "pk": 50, "fields": {"name": "Can change notification", "content_type": 12, "codename": "change_notification"}}, {"model": "auth.permission", "pk": 51, "fields": {"name": "Can delete notification", "content_type": 12, "codename": "delete_notification"}}, {"model": "auth.permission", "pk": 52, "fields": {"name": "Can view notification", "content_type": 12, "codename": "view_notification"}}, {"model": "auth.permission", "pk": 53, "fields": {"name": "Can add prescription", "content_type": 14, "codename": "add_prescription"}}, {"model": "auth.permission", "pk": 54, "fields": {"name": "Can change prescription", "content_type": 14, "codename": "change_prescription"}}, {"model": "auth.permission", "pk": 55, "fields": {"name": "Can delete prescription", "content_type": 14, "codename": "delete_prescription"}}, {"model": "auth.permission", "pk": 56, "fields": {"name": "Can view prescription", "content_type": 14, "codename": "view_prescription"}}, {"model": "auth.permission", "pk": 57, "fields": {"name": "Can add stock movement", "content_type": 15, "codename": "add_stockmovement"}}, {"model": "auth.permission", "pk": 58, "fields": {"name": "Can change stock movement", "content_type": 15, "codename": "change_stockmovement"}}, {"model": "auth.permission", "pk": 59, "fields": {"name": "Can delete stock movement", "content_type": 15, "codename": "delete_stockmovement"}}, {"model": "auth.permission", "pk": 60, "fields": {"name": "Can view stock movement", "content_type": 15, "codename": "view_stockmovement"}}, {"model": "auth.permission", "pk": 61, "fields": {"name": "Can add visit", "content_type": 18, "codename": "add_visit"}}, {"model": "auth.permission", "pk": 62, "fields": {"name": "Can change visit", "content_type": 18, "codename": "change_visit"}}, {"model": "auth.permission", "pk": 63, "fields": {"name": "Can delete visit", "content_type": 18, "codename": "delete_visit"}}, {"model": "auth.permission", "pk": 64, "fields": {"name": "Can view visit", "content_type": 18, "codename": "view_visit"}}, {"model": "auth.permission", "pk": 65, "fields": {"name": "Can add triage", "content_type": 16, "codename": "add_triage"}}, {"model": "auth.permission", "pk": 66, "fields": {"name": "Can change triage", "content_type": 16, "codename": "change_triage"}}, {"model": "auth.permission", "pk": 67, "fields": {"name": "Can delete triage", "content_type": 16, "codename": "delete_triage"}}, {"model": "auth.permission", "pk": 68, "fields": {"name": "Can view triage", "content_type": 16, "codename": "view_triage"}}, {"model": "auth.permission", "pk": 69, "fields": {"name": "Can add lab request", "content_type": 10, "codename": "add_labrequest"}}, {"model": "auth.permission", "pk": 70, "fields": {"name": "Can change lab request", "content_type": 10, "codename": "change_labrequest"}}, {"model": "auth.permission", "pk": 71, "fields": {"name": "Can delete lab request", "content_type": 10, "codename": "delete_labrequest"}}, {"model": "auth.permission", "pk": 72, "fields": {"name": "Can view lab request", "content_type": 10, "codename": "view_labrequest"}}, {"model": "auth.permission", "pk": 73, "fields": {"name": "Can add audit log", "content_type": 19, "codename": "add_auditlog"}}, {"model": "auth.permission", "pk": 74, "fields": {"name": "Can change audit log", "content_type": 19, "codename": "change_auditlog"}}, {"model": "auth.permission", "pk": 75, "fields": {"name": "Can delete audit log", "content_type": 19, "codename": "delete_auditlog"}}, {"model": "auth.permission", "pk": 76, "fields": {"name": "Can view audit log", "content_type": 19, "codename": "view_auditlog"}}, {"model": "contenttypes.contenttype", "pk": 1, "fields": {"app_label": "admin", "model": "logentry"}}, {"model": "contenttypes.contenttype", "pk": 2, "fields": {"app_label": "auth", "model": "group"}}, {"model": "contenttypes.contenttype", "pk": 3, "fields": {"app_label": "auth", "model": "permission"}}, {"model": "contenttypes.contenttype", "pk": 4, "fields": {"app_label": "contenttypes", "model": "contenttype"}}, {"model": "contenttypes.contenttype", "pk": 5, "fields": {"app_label": "sessions", "model": "session"}}, {"model": "contenttypes.contenttype", "pk": 6, "fields": {"app_label": "authtoken", "model": "token"}}, {"model": "contenttypes.contenttype", "pk": 7, "fields": {"app_label": "authtoken", "model": "tokenproxy"}}, {"model": "contenttypes.contenttype", "pk": 8, "fields": {"app_label": "clinic", "model": "consultation"}}, {"model": "contenttypes.contenttype", "pk": 9, "fields": {"app_label": "clinic", "model": "dailyreport"}}, {"model": "contenttypes.contenttype", "pk": 10, "fields": {"app_label": "clinic", "model": "labrequest"}}, {"model": "contenttypes.contenttype", "pk": 11, "fields": {"app_label": "clinic", "model": "medicine"}}, {"model": "contenttypes.contenttype", "pk": 12, "fields": {"app_label": "clinic", "model": "notification"}}, {"model": "contenttypes.contenttype", "pk": 13, "fields": {"app_label": "clinic", "model": "patient"}}, {"model": "contenttypes.contenttype", "pk": 14, "fields": {"app_label": "clinic", "model": "prescription"}}, {"model": "contenttypes.contenttype", "pk": 15, "fields": {"app_label": "clinic", "model": "stockmovement"}}, {"model": "contenttypes.contenttype", "pk": 16, "fields": {"app_label": "clinic", "model": "triage"}}, {"model": "contenttypes.contenttype", "pk": 17, "fields": {"app_label": "clinic", "model": "user"}}, {"model": "contenttypes.contenttype", "pk": 18, "fields": {"app_label": "clinic", "model": "visit"}}, {"model": "contenttypes.contenttype", "pk": 19, "fields": {"app_label": "clinic", "model": "auditlog"}}, {"model": "sessions.session", "pk": "04otkmyoiqviux6lddynn74r6lzjoceb", "fields": {"session_data": ".eJxVjLsOAiEUBf-F2hAMyMPS3m8g94WsGjZZdivjvyvJFtrOzDkvlWFba966LHlidVZWHX4ZAj2kDcF3aLdZ09zWZUI9Er3brq8zy_Oyt38HFXoda5OsZ0zkgiNy7FkMFiAE-yXRHaMnCSUyOgglJPEebGEfzckRYlLvDwgoONo:1w0May:895VNEucqN0TlTY7SseWPQRzvGpGykSZc-AaNOsmNaU", "expire_date": "2026-03-11T17:09:40.562Z"}}, {"model": "sessions.session", "pk": "14d5ugkn8rc3y9lelyf0jqzacqzprpdc", "fields": {"session_data": ".eJxVjLsOAiEUBf-F2hAMyMPS3m8g94WsGjZZdivjvyvJFtrOzDkvlWFba966LHlidVZWHX4ZAj2kDcF3aLdZ09zWZUI9Er3brq8zy_Oyt38HFXoda5OsZ0zkgiNy7FkMFiAE-yXRHaMnCSUyOgglJPEebGEfzckRYlLvDwgoONo:1vzwBS:HRpYz9P7TavTk8dyAfeQrygwbmHerx8w17bculBhxjM", "expire_date": "2026-03-10T12:57:34.938Z"}}, {"model": "sessions.session", "pk": "2m3ncog93xgvntdkik73wmlm6r1z1iho", "fields": {"session_data": ".eJxVjLsOAiEUBf-F2hAMyMPS3m8g94WsGjZZdivjvyvJFtrOzDkvlWFba966LHlidVZWHX4ZAj2kDcF3aLdZ09zWZUI9Er3brq8zy_Oyt38HFXoda5OsZ0zkgiNy7FkMFiAE-yXRHaMnCSUyOgglJPEebGEfzckRYlLvDwgoONo:1w0JG0:65NKrhW7wF16bRUzZcQYFiHSe3RnWF91hBMGOmJ2VCA", "expire_date": "2026-03-11T13:35:48.112Z"}}, {"model": "sessions.session", "pk": "8dxkdv9tnvmum73dad4200aibaf8k9mn", "fields": {"session_data": ".eJxVjLsOAiEUBf-F2hAMyMPS3m8g94WsGjZZdivjvyvJFtrOzDkvlWFba966LHlidVZWHX4ZAj2kDcF3aLdZ09zWZUI9Er3brq8zy_Oyt38HFXoda5OsZ0zkgiNy7FkMFiAE-yXRHaMnCSUyOgglJPEebGEfzckRYlLvDwgoONo:1w0N61:-640N5qEUc56JnsqbHtkTvf8AFZtWKKxEtQyBZ8kroY", "expire_date": "2026-03-11T17:41:45.986Z"}}, {"model": "sessions.session", "pk": "99hdhi6gz3nb5d8np0868bq4ohs08kug", "fields": {"session_data": ".eJxVjLsOAiEUBf-F2hAMyMPS3m8g94WsGjZZdivjvyvJFtrOzDkvlWFba966LHlidVZWHX4ZAj2kDcF3aLdZ09zWZUI9Er3brq8zy_Oyt38HFXoda5OsZ0zkgiNy7FkMFiAE-yXRHaMnCSUyOgglJPEebGEfzckRYlLvDwgoONo:1w0HvT:V3uiBv__UQpgxh1r3jLBdSb5RjM5WQyoqNxWgcyXk5w", "expire_date": "2026-03-11T12:10:31.551Z"}}, {"model": "sessions.session", "pk": "c0abvkgyrcy1bce3huneju0wxd9wp6cu", "fields": {"session_data": ".eJxVjDsOwjAQBe_iGllZfxNKes5grXdtHEC2FCcV4u4QKQW0b2beSwTc1hK2npYwszgLJU6_W0R6pLoDvmO9NUmtrssc5a7Ig3Z5bZyel8P9OyjYy7eeWBsXlSFmwgEG7WEyVtmcY_YGHCYaFTiDDEhm9GSBIoEiJh2z1eL9AeUHOEY:1vzxEn:DctHOlhfOOxjsWcXv2htwtc040NXlIFnakobsUlylo4", "expire_date": "2026-03-10T14:05:05.574Z"}}, {"model": "sessions.session", "pk": "cnf2of8zur687k2wdthfzm6ky3j745bn", "fields": {"session_data": ".eJxVjLsOAiEUBf-F2hAMyMPS3m8g94WsGjZZdivjvyvJFtrOzDkvlWFba966LHlidVZWHX4ZAj2kDcF3aLdZ09zWZUI9Er3brq8zy_Oyt38HFXoda5OsZ0zkgiNy7FkMFiAE-yXRHaMnCSUyOgglJPEebGEfzckRYlLvDwgoONo:1w0KFp:M586HxKP9nabboZF_21t-3tpD-Gm7tXLffyE2MX5aaY", "expire_date": "2026-03-11T14:39:41.137Z"}}, {"model": "sessions.session", "pk": "dftrn155zbddp5jokoxf464nhs10qucn", "fields": {"session_data": ".eJxVjLsOAiEUBf-F2hAMyMPS3m8g94WsGjZZdivjvyvJFtrOzDkvlWFba966LHlidVZWHX4ZAj2kDcF3aLdZ09zWZUI9Er3brq8zy_Oyt38HFXoda5OsZ0zkgiNy7FkMFiAE-yXRHaMnCSUyOgglJPEebGEfzckRYlLvDwgoONo:1w0Ggw:qjQ5OiEQaeK9rda6tuCrZMgNQnONGwK7_XpZBStR-fg", "expire_date": "2026-03-11T10:51:26.220Z"}}, {"model": "sessions.session", "pk": "dk21jlw1oeczfjlffjmqu88iuu6jqd35", "fields": {"session_data": ".eJxVjMEOwiAQRP-FsyHANil49O43kN1lkaqBpLSnxn-3TXrQ48x7M5uKuC4lrl3mOCV1VVZdfjtCfkk9QHpifTTNrS7zRPpQ9Em7vrck79vp_h0U7GVfQ0I7ssksJogkHAmYCRAoDdZ5DCDBuUDekAPHZg_Zo88OhfwgRn2-Dk44qQ:1w01Ko:bfsjdmnrsGDXSGn9c6vqAIAPcYqmQ1hNBwFyL7-V0lA", "expire_date": "2026-03-10T18:27:34.827Z"}}, {"model": "sessions.session", "pk": "snhi89khhp09cdfyz40cjw5sy2urffn4", "fields": {"session_data": ".eJxVjEEOgjAQRe_StWlaOoWOS_ecoZlpB0ENTSisjHcXEha6_e-9_1aRtnWMW5UlTlldFajL78aUnjIfID9ovhedyrwuE-tD0Setui9ZXrfT_TsYqY57bRqfyAA64OAH4wdAy6kBMZ4zYcM-8O6gxUAkneuclRZaQgL0phX1-QLIjzcQ:1w0O2k:jq3WUCcD6VaUPV9zalfykc6whQbiFNzMYGjwmcg64mA", "expire_date": "2026-03-11T18:42:26.811Z"}}, {"model": "authtoken.token", "pk": "5e00eb771fb4bcd028179508de8a39540115793f", "fields": {"user": 1, "created": "2026-03-10T11:55:31.488Z"}}, {"model": "clinic.user", "pk": 1, "fields": {"password": "pbkdf2_sha256$1200000$FjBPgi8j7Gv6hmcDavpgdZ$IHyPyD8WBACRwfOeqLDb2p7rg6a3pwf4Z/UsHN36AaI=", "last_login": "2026-03-11T11:39:39.379Z", "is_superuser": true, "username": "admin", "first_name": "System", "last_name": "Administrator", "email": "admin@kumi.ac.ug", "is_staff": true, "is_active": true, "date_joined": "2026-03-10T10:36:16.427Z", "role": "ADMIN", "phone": "", "department": "", "avatar": "", "groups": [], "user_permissions": []}}, {"model": "clinic.user", "pk": 2, "fields": {"password": "pbkdf2_sha256$1200000$Y2JNGxzlbhIZtFkp1BHBu2$c6iulBBbChHKb/2njpm31TVUjKJ4ondS8vBm+QgLiPI=", "last_login": "2026-03-11T09:50:11.827Z", "is_superuser": false, "username": "receptionist", "first_name": "Receptionist", "last_name": "Staff", "email": "receptionist@kumi.ac.ug", "is_staff": false, "is_active": true, "date_joined": "2026-03-10T10:36:24.712Z", "role": "RECEPTIONIST", "phone": "", "department": "", "avatar": "", "groups": [], "user_permissions": []}}, {"model": "clinic.user", "pk": 3, "fields": {"password": "pbkdf2_sha256$1200000$ZBZNrgaZhxiAtnjBQ9uvhY$Qhu1ZEuVydcuhZ5FM5En5LO0BSEMgwHCYPuYBPv9Y7s=", "last_login": "2026-03-12T07:30:58.442Z", "is_superuser": false, "username": "nurse", "first_name": "betty", "last_name": "poni", "email": "nurse@kumi.ac.ug", "is_staff": false, "is_active": true, "date_joined": "2026-03-10T10:36:30.176Z", "role": "NURSE", "phone": "", "department": "", "avatar": "avatars/download_4.jpg", "groups": [], "user_permissions": []}}, {"model": "clinic.user", "pk": 4, "fields": {"password": "pbkdf2_sha256$1200000$TDTcPHW5yhMkU2RUIMJNut$xFTleDQYDZKRJkLzBMzKIAX7Y4xc0u/0AyIscyYRkL4=", "last_login": "2026-03-12T07:06:45.064Z", "is_superuser": false, "username": "doctor", "first_name": "Doctor", "last_name": "Staff", "email": "doctor@kumi.ac.ug", "is_staff": false, "is_active": true, "date_joined": "2026-03-10T10:36:37.034Z", "role": "DOCTOR", "phone": "", "department": "", "avatar": "", "groups": [], "user_permissions": []}}, {"model": "clinic.user", "pk": 5, "fields": {"password": "pbkdf2_sha256$1200000$uSevRHmvFWrzHZMMZvzxHB$7YEmKANWWmSv7+y/wcla9iOeY8kU2YGJQU5e16eKZso=", "last_login": "2026-03-11T18:11:32.655Z", "is_superuser": false, "username": "lab_technician", "first_name": "Lab Technician", "last_name": "Staff", "email": "lab_technician@kumi.ac.ug", "is_staff": false, "is_active": true, "date_joined": "2026-03-10T10:36:39.984Z", "role": "LAB_TECHNICIAN", "phone": "", "department": "", "avatar": "", "groups": [], "user_permissions": []}}, {"model": "clinic.user", "pk": 6, "fields": {"password": "pbkdf2_sha256$1200000$hciIERKpss6y57rGjb7oNB$WfS0rW27jVSUyTEZdY9CQ36V7Yj9SMJhKyxex9mpF6k=", "last_login": "2026-03-10T13:33:30.472Z", "is_superuser": false, "username": "pharmacist", "first_name": "Pharmacist", "last_name": "Staff", "email": "pharmacist@kumi.ac.ug", "is_staff": false, "is_active": true, "date_joined": "2026-03-10T10:36:43.195Z", "role": "PHARMACIST", "phone": "", "department": "", "avatar": "", "groups": [], "user_permissions": []}}, {"model": "clinic.patient", "pk": 1, "fields": {"full_name": "John Okello", "patient_type": "STUDENT", "university_id": "STU/2024/001", "department": "Computer Science", "phone": "+256724/001", "email": null, "address": null, "gender": "MALE", "date_of_birth": "2000-01-15", "next_of_kin_name": null, "next_of_kin_relationship": null, "next_of_kin_contact": null, "next_of_kin_address": null, "created_at": "2026-03-10T10:36:48.083Z", "updated_at": "2026-03-10T10:36:48.083Z"}}, {"model": "clinic.patient", "pk": 2, "fields": {"full_name": "Sarah Amoit", "patient_type": "STUDENT", "university_id": "STU/2024/002", "department": "Business Administration", "phone": "+256724/002", "email": null, "address": null, "gender": "FEMALE", "date_of_birth": "2000-01-15", "next_of_kin_name": null, "next_of_kin_relationship": null, "next_of_kin_contact": null, "next_of_kin_address": null, "created_at": "2026-03-10T10:36:48.105Z", "updated_at": "2026-03-10T10:36:48.105Z"}}, {"model": "clinic.patient", "pk": 3, "fields": {"full_name": "Dr. Michael Otieno", "patient_type": "STAFF", "university_id": "STF/2023/015", "department": "Faculty of Medicine", "phone": "+256723/015", "email": null, "address": null, "gender": "MALE", "date_of_birth": "2000-01-15", "next_of_kin_name": null, "next_of_kin_relationship": null, "next_of_kin_contact": null, "next_of_kin_address": null, "created_at": "2026-03-10T10:36:48.118Z", "updated_at": "2026-03-10T10:36:48.118Z"}}, {"model": "clinic.patient", "pk": 4, "fields": {"full_name": "Grace Nakato", "patient_type": "STUDENT", "university_id": "STU/2024/003", "department": "Nursing", "phone": "+256724/003", "email": null, "address": null, "gender": "FEMALE", "date_of_birth": "2000-01-15", "next_of_kin_name": null, "next_of_kin_relationship": null, "next_of_kin_contact": null, "next_of_kin_address": null, "created_at": "2026-03-10T10:36:48.136Z", "updated_at": "2026-03-10T10:36:48.136Z"}}, {"model": "clinic.patient", "pk": 5, "fields": {"full_name": "Robert Kigen", "patient_type": "STAFF", "university_id": "STF/2022/008", "department": "Finance", "phone": "+256722/008", "email": null, "address": null, "gender": "MALE", "date_of_birth": "2000-01-15", "next_of_kin_name": null, "next_of_kin_relationship": null, "next_of_kin_contact": null, "next_of_kin_address": null, "created_at": "2026-03-10T10:36:48.152Z", "updated_at": "2026-03-10T10:36:48.152Z"}}, {"model": "clinic.patient", "pk": 6, "fields": {"full_name": "wani james", "patient_type": "STUDENT", "university_id": "23/U/03/03/BSC-IT/FT", "department": "information tech", "phone": "0779734423", "email": null, "address": null, "gender": "MALE", "date_of_birth": "2000-02-02", "next_of_kin_name": null, "next_of_kin_relationship": null, "next_of_kin_contact": null, "next_of_kin_address": null, "created_at": "2026-03-10T11:51:00.824Z", "updated_at": "2026-03-10T11:51:00.824Z"}}, {"model": "clinic.patient", "pk": 7, "fields": {"full_name": "duku", "patient_type": "STUDENT", "university_id": "23/SS/03/03/BSC-IT/FT", "department": "information tech", "phone": "0779734423", "email": null, "address": null, "gender": "MALE", "date_of_birth": "2000-02-02", "next_of_kin_name": null, "next_of_kin_relationship": null, "next_of_kin_contact": null, "next_of_kin_address": null, "created_at": "2026-03-10T12:13:59.846Z", "updated_at": "2026-03-10T12:13:59.846Z"}}, {"model": "clinic.patient", "pk": 8, "fields": {"full_name": "grace", "patient_type": "STUDENT", "university_id": "23/SS/03/03/CIT-IT/FT", "department": "information tech", "phone": "0779734423", "email": null, "address": null, "gender": "FEMALE", "date_of_birth": "2000-02-02", "next_of_kin_name": null, "next_of_kin_relationship": null, "next_of_kin_contact": null, "next_of_kin_address": null, "created_at": "2026-03-10T12:21:55.526Z", "updated_at": "2026-03-10T12:21:55.526Z"}}, {"model": "clinic.patient", "pk": 10, "fields": {"full_name": "aaron ekwaro", "patient_type": "STUDENT", "university_id": "23/SS/03/33/BIT-IT/FT", "department": "information tech", "phone": "0779734423", "email": "", "address": "", "gender": "MALE", "date_of_birth": "2000-02-02", "next_of_kin_name": "", "next_of_kin_relationship": "", "next_of_kin_contact": "", "next_of_kin_address": "", "created_at": "2026-03-10T14:08:35.587Z", "updated_at": "2026-03-11T11:16:54.671Z"}}, {"model": "clinic.patient", "pk": 11, "fields": {"full_name": "BENSON JIGO JALE", "patient_type": "STUDENT", "university_id": "23/U/03/03/Bcs-IT/FT", "department": "", "phone": "+256783689923", "email": "bensonjigojale@gmail.com", "address": "KUMI UNIVERSITY", "gender": "MALE", "date_of_birth": "2000-10-12", "next_of_kin_name": "", "next_of_kin_relationship": "", "next_of_kin_contact": "", "next_of_kin_address": "", "created_at": "2026-03-11T10:40:32.373Z", "updated_at": "2026-03-11T10:40:32.373Z"}}, {"model": "clinic.patient", "pk": 12, "fields": {"full_name": "wani Luke", "patient_type": "STUDENT", "university_id": "23/U/03/03/CIT-IT/FT", "department": "", "phone": "07783689933", "email": "", "address": "", "gender": "MALE", "date_of_birth": "1999-01-01", "next_of_kin_name": "", "next_of_kin_relationship": "", "next_of_kin_contact": "", "next_of_kin_address": "", "created_at": "2026-03-11T13:20:52.905Z", "updated_at": "2026-03-11T13:20:52.905Z"}}, {"model": "clinic.visit", "pk": 1, "fields": {"patient": 5, "visit_date": "2026-03-10T11:21:00.305Z", "reason_for_visit": "headache", "status": "WAITING_FOR_PHARMACY", "created_by": 4, "created_at": "2026-03-10T11:21:00.406Z", "updated_at": "2026-03-10T12:06:13.795Z"}}, {"model": "clinic.visit", "pk": 3, "fields": {"patient": 7, "visit_date": "2026-03-10T13:29:53.722Z", "reason_for_visit": "fever", "status": "WAITING_FOR_TRIAGE", "created_by": 2, "created_at": "2026-03-10T13:29:53.723Z", "updated_at": "2026-03-10T13:29:53.723Z"}}, {"model": "clinic.visit", "pk": 4, "fields": {"patient": 10, "visit_date": "2026-03-10T14:09:15.702Z", "reason_for_visit": "Not feeling well", "status": "IN_LAB", "created_by": 2, "created_at": "2026-03-10T14:09:15.702Z", "updated_at": "2026-03-11T09:06:15.558Z"}}, {"model": "clinic.visit", "pk": 5, "fields": {"patient": 10, "visit_date": "2026-03-10T14:50:12.270Z", "reason_for_visit": "unknown", "status": "WAITING_FOR_TRIAGE", "created_by": 4, "created_at": "2026-03-10T14:50:12.270Z", "updated_at": "2026-03-10T14:50:12.270Z"}}, {"model": "clinic.visit", "pk": 6, "fields": {"patient": 6, "visit_date": "2026-03-11T08:36:28.487Z", "reason_for_visit": "fever", "status": "WAITING_FOR_TRIAGE", "created_by": 2, "created_at": "2026-03-11T08:36:28.488Z", "updated_at": "2026-03-11T08:36:28.488Z"}}, {"model": "clinic.visit", "pk": 7, "fields": {"patient": 10, "visit_date": "2026-03-11T10:13:00.435Z", "reason_for_visit": "fever", "status": "WAITING_FOR_TRIAGE", "created_by": 3, "created_at": "2026-03-11T10:13:00.479Z", "updated_at": "2026-03-11T10:13:00.479Z"}}, {"model": "clinic.visit", "pk": 9, "fields": {"patient": 6, "visit_date": "2026-03-11T10:46:03.473Z", "reason_for_visit": "feeling headach", "status": "WAITING_FOR_TRIAGE", "created_by": 3, "created_at": "2026-03-11T10:46:03.474Z", "updated_at": "2026-03-11T10:46:03.474Z"}}, {"model": "clinic.visit", "pk": 10, "fields": {"patient": 11, "visit_date": "2026-03-11T13:06:52.252Z", "reason_for_visit": "fever", "status": "WAITING_FOR_DOCTOR", "created_by": 3, "created_at": "2026-03-11T13:06:52.252Z", "updated_at": "2026-03-11T13:06:52.252Z"}}, {"model": "clinic.visit", "pk": 11, "fields": {"patient": 11, "visit_date": "2026-03-11T13:11:10.328Z", "reason_for_visit": "fever", "status": "WAITING_FOR_DOCTOR", "created_by": 3, "created_at": "2026-03-11T13:11:10.331Z", "updated_at": "2026-03-11T13:11:10.332Z"}}, {"model": "clinic.visit", "pk": 12, "fields": {"patient": 11, "visit_date": "2026-03-11T13:11:19.439Z", "reason_for_visit": "fever", "status": "WAITING_FOR_DOCTOR", "created_by": 3, "created_at": "2026-03-11T13:11:19.440Z", "updated_at": "2026-03-11T13:11:19.440Z"}}, {"model": "clinic.visit", "pk": 13, "fields": {"patient": 11, "visit_date": "2026-03-11T13:13:18.531Z", "reason_for_visit": "fever", "status": "WAITING_FOR_DOCTOR", "created_by": 3, "created_at": "2026-03-11T13:13:18.532Z", "updated_at": "2026-03-11T13:13:18.533Z"}}, {"model": "clinic.visit", "pk": 14, "fields": {"patient": 11, "visit_date": "2026-03-11T13:13:47.609Z", "reason_for_visit": "fever", "status": "WAITING_FOR_DOCTOR", "created_by": 3, "created_at": "2026-03-11T13:13:47.610Z", "updated_at": "2026-03-11T13:13:47.610Z"}}, {"model": "clinic.visit", "pk": 15, "fields": {"patient": 11, "visit_date": "2026-03-11T13:14:09.270Z", "reason_for_visit": "fever", "status": "WAITING_FOR_DOCTOR", "created_by": 3, "created_at": "2026-03-11T13:14:09.271Z", "updated_at": "2026-03-11T13:14:09.271Z"}}, {"model": "clinic.visit", "pk": 16, "fields": {"patient": 11, "visit_date": "2026-03-11T13:19:15.356Z", "reason_for_visit": "fever", "status": "WAITING_FOR_DOCTOR", "created_by": 3, "created_at": "2026-03-11T13:19:15.357Z", "updated_at": "2026-03-11T13:19:15.357Z"}}, {"model": "clinic.visit", "pk": 17, "fields": {"patient": 12, "visit_date": "2026-03-11T13:20:52.918Z", "reason_for_visit": "Note feeling well", "status": "WAITING_FOR_DOCTOR", "created_by": 3, "created_at": "2026-03-11T13:20:52.918Z", "updated_at": "2026-03-11T13:20:52.918Z"}}, {"model": "clinic.visit", "pk": 18, "fields": {"patient": 5, "visit_date": "2026-03-11T13:47:39.499Z", "reason_for_visit": "fever", "status": "WAITING_FOR_DOCTOR", "created_by": 3, "created_at": "2026-03-11T13:47:39.500Z", "updated_at": "2026-03-11T13:47:39.500Z"}}, {"model": "clinic.visit", "pk": 19, "fields": {"patient": 10, "visit_date": "2026-03-11T16:41:15.903Z", "reason_for_visit": "malaria", "status": "WAITING_FOR_DOCTOR", "created_by": 3, "created_at": "2026-03-11T16:41:15.954Z", "updated_at": "2026-03-11T16:41:15.954Z"}}, {"model": "clinic.visit", "pk": 20, "fields": {"patient": 11, "visit_date": "2026-03-11T16:41:49.992Z", "reason_for_visit": "fever", "status": "WAITING_FOR_DOCTOR", "created_by": 3, "created_at": "2026-03-11T16:41:49.993Z", "updated_at": "2026-03-11T16:41:49.994Z"}}, {"model": "clinic.visit", "pk": 21, "fields": {"patient": 5, "visit_date": "2026-03-11T17:55:21.187Z", "reason_for_visit": "he wants to finish his checkup", "status": "WAITING_FOR_DOCTOR", "created_by": 3, "created_at": "2026-03-11T17:55:21.187Z", "updated_at": "2026-03-11T17:55:21.187Z"}}, {"model": "clinic.triage", "pk": 1, "fields": {"visit": 1, "temperature": "37.0", "blood_pressure": "120/80", "weight": "56.00", "heart_rate": 72, "symptoms": "malaria", "nurse_notes": "", "created_at": "2026-03-10T11:52:38.891Z", "updated_at": "2026-03-10T11:52:38.891Z", "recorded_by": 3}}, {"model": "clinic.triage", "pk": 3, "fields": {"visit": 4, "temperature": "37.0", "blood_pressure": "120/80", "weight": "56.00", "heart_rate": 72, "symptoms": "malaria ", "nurse_notes": "", "created_at": "2026-03-10T14:19:08.588Z", "updated_at": "2026-03-10T14:19:08.588Z", "recorded_by": 1}}, {"model": "clinic.triage", "pk": 4, "fields": {"visit": 18, "temperature": null, "blood_pressure": "120", "weight": "12.00", "heart_rate": null, "symptoms": "fever", "nurse_notes": "", "created_at": "2026-03-11T13:47:39.673Z", "updated_at": "2026-03-11T13:47:39.673Z", "recorded_by": 3}}, {"model": "clinic.triage", "pk": 5, "fields": {"visit": 21, "temperature": "36.0", "blood_pressure": "120", "weight": "76.00", "heart_rate": null, "symptoms": "Malaria and typhiod", "nurse_notes": "", "created_at": "2026-03-11T17:55:21.215Z", "updated_at": "2026-03-11T17:55:21.215Z", "recorded_by": 3}}, {"model": "clinic.consultation", "pk": 2, "fields": {"visit": 1, "doctor": 4, "diagnosis": "malaria test", "doctor_notes": "", "treatment_plan": "", "created_at": "2026-03-10T12:06:13.783Z", "updated_at": "2026-03-10T12:06:13.783Z"}}, {"model": "clinic.consultation", "pk": 4, "fields": {"visit": 4, "doctor": 4, "diagnosis": "malaria", "doctor_notes": "", "treatment_plan": "theb", "created_at": "2026-03-11T09:06:15.525Z", "updated_at": "2026-03-11T09:06:15.525Z"}}, {"model": "clinic.consultation", "pk": 5, "fields": {"visit": 10, "doctor": 4, "diagnosis": "Pending", "doctor_notes": "", "treatment_plan": "", "created_at": "2026-03-11T18:01:38.624Z", "updated_at": "2026-03-11T18:01:38.624Z"}}, {"model": "clinic.consultation", "pk": 6, "fields": {"visit": 21, "doctor": 4, "diagnosis": "Pending", "doctor_notes": "", "treatment_plan": "", "created_at": "2026-03-11T18:18:46.852Z", "updated_at": "2026-03-11T18:18:46.853Z"}}, {"model": "clinic.medicine", "pk": 1, "fields": {"name": "Paracetamol 500mg", "category": "TABLET", "stock_quantity": 500, "unit": "tablets", "expiry_date": "2027-03-10", "minimum_stock_level": 50, "created_at": "2026-03-10T10:36:48.193Z", "updated_at": "2026-03-10T10:36:48.193Z"}}, {"model": "clinic.medicine", "pk": 2, "fields": {"name": "Amoxicillin 250mg", "category": "CAPSULE", "stock_quantity": 200, "unit": "capsules", "expiry_date": "2027-03-10", "minimum_stock_level": 30, "created_at": "2026-03-10T10:36:48.218Z", "updated_at": "2026-03-10T10:36:48.218Z"}}, {"model": "clinic.medicine", "pk": 3, "fields": {"name": "ORS Solution", "category": "SYRUP", "stock_quantity": 50, "unit": "sachets", "expiry_date": "2027-03-10", "minimum_stock_level": 20, "created_at": "2026-03-10T10:36:48.243Z", "updated_at": "2026-03-10T10:36:48.243Z"}}, {"model": "clinic.medicine", "pk": 4, "fields": {"name": "Ibuprofen 400mg", "category": "TABLET", "stock_quantity": 300, "unit": "tablets", "expiry_date": "2027-03-10", "minimum_stock_level": 40, "created_at": "2026-03-10T10:36:48.260Z", "updated_at": "2026-03-10T10:36:48.260Z"}}, {"model": "clinic.medicine", "pk": 5, "fields": {"name": "Cough Syrup", "category": "SYRUP", "stock_quantity": 28, "unit": "bottles", "expiry_date": "2027-03-10", "minimum_stock_level": 15, "created_at": "2026-03-10T10:36:48.278Z", "updated_at": "2026-03-10T13:33:37.308Z"}}, {"model": "clinic.medicine", "pk": 6, "fields": {"name": "Metronidazole 200mg", "category": "TABLET", "stock_quantity": 150, "unit": "tablets", "expiry_date": "2027-03-10", "minimum_stock_level": 25, "created_at": "2026-03-10T10:36:48.290Z", "updated_at": "2026-03-10T10:36:48.290Z"}}, {"model": "clinic.medicine", "pk": 7, "fields": {"name": "Antimalarial", "category": "TABLET", "stock_quantity": 100, "unit": "tablets", "expiry_date": "2027-03-10", "minimum_stock_level": 20, "created_at": "2026-03-10T10:36:48.305Z", "updated_at": "2026-03-10T10:36:48.305Z"}}, {"model": "clinic.medicine", "pk": 8, "fields": {"name": "Hydrogen Peroxide", "category": "OTHER", "stock_quantity": 20, "unit": "bottles", "expiry_date": "2027-03-10", "minimum_stock_level": 5, "created_at": "2026-03-10T10:36:48.317Z", "updated_at": "2026-03-10T10:36:48.317Z"}}, {"model": "clinic.prescription", "pk": 2, "fields": {"consultation": 5, "medicine": 2, "dosage": "2", "quantity": 3, "notes": "", "is_dispensed": false, "created_at": "2026-03-11T18:01:38.720Z", "updated_at": "2026-03-11T18:01:38.720Z"}}, {"model": "clinic.prescription", "pk": 3, "fields": {"consultation": 6, "medicine": 2, "dosage": "12", "quantity": 34, "notes": "", "is_dispensed": false, "created_at": "2026-03-11T18:18:46.874Z", "updated_at": "2026-03-11T18:18:46.874Z"}}, {"model": "clinic.stockmovement", "pk": 1, "fields": {"medicine": 5, "movement_type": "DISPENSE", "quantity": 2, "performed_by": null, "notes": "Auto-dispensed for Visit #2", "date": "2026-03-10T13:33:37.292Z", "created_at": "2026-03-10T13:33:37.292Z"}}, {"model": "clinic.labrequest", "pk": 2, "fields": {"visit": 4, "test_name": "MALARIA", "custom_test_name": "", "status": "PENDING", "requested_by": 4, "technician": null, "result": "", "notes": "", "date": "2026-03-11T09:06:15.543Z", "completed_date": null, "created_at": "2026-03-11T09:06:15.544Z", "updated_at": "2026-03-11T09:06:15.544Z"}}, {"model": "clinic.labrequest", "pk": 3, "fields": {"visit": 12, "test_name": "PREGNANCY", "custom_test_name": "", "status": "COMPLETED", "requested_by": 4, "technician": 5, "result": "postive", "notes": "", "date": "2026-03-11T17:58:48.595Z", "completed_date": "2026-03-11T18:09:58.600Z", "created_at": "2026-03-11T17:58:48.595Z", "updated_at": "2026-03-11T18:09:58.600Z"}}, {"model": "clinic.labrequest", "pk": 4, "fields": {"visit": 10, "test_name": "MALARIA", "custom_test_name": "", "status": "PENDING", "requested_by": 4, "technician": null, "result": "", "notes": "perform malaria test", "date": "2026-03-11T17:59:20.732Z", "completed_date": null, "created_at": "2026-03-11T17:59:20.733Z", "updated_at": "2026-03-11T17:59:20.733Z"}}, {"model": "clinic.labrequest", "pk": 5, "fields": {"visit": 21, "test_name": "BLOOD_SUGAR", "custom_test_name": "", "status": "COMPLETED", "requested_by": 4, "technician": 5, "result": "postive", "notes": "he has blood sugar", "date": "2026-03-11T18:11:22.006Z", "completed_date": "2026-03-11T18:11:59.136Z", "created_at": "2026-03-11T18:11:22.006Z", "updated_at": "2026-03-11T18:11:59.136Z"}}, {"model": "clinic.notification", "pk": 1, "fields": {"title": "New Patient Visit", "message": "Robert Kigen has been registered. Reason: headache", "notification_type": "NEW_VISIT", "is_read": false, "user": 1, "created_at": "2026-03-10T11:21:00.705Z"}}, {"model": "clinic.notification", "pk": 2, "fields": {"title": "New Patient Visit", "message": "benson has been registered. Reason: fever", "notification_type": "NEW_VISIT", "is_read": false, "user": 1, "created_at": "2026-03-10T13:29:24.665Z"}}, {"model": "clinic.notification", "pk": 3, "fields": {"title": "New Patient Visit", "message": "duku has been registered. Reason: fever", "notification_type": "NEW_VISIT", "is_read": false, "user": 1, "created_at": "2026-03-10T13:29:53.735Z"}}, {"model": "clinic.notification", "pk": 4, "fields": {"title": "New Patient Visit", "message": "aaron ek has been registered. Reason: Not feeling well", "notification_type": "NEW_VISIT", "is_read": false, "user": 1, "created_at": "2026-03-10T14:09:15.715Z"}}, {"model": "clinic.notification", "pk": 5, "fields": {"title": "New Patient Visit", "message": "aaron ek has been registered. Reason: unknown", "notification_type": "NEW_VISIT", "is_read": false, "user": 1, "created_at": "2026-03-10T14:50:12.282Z"}}, {"model": "clinic.notification", "pk": 6, "fields": {"title": "New Patient Visit", "message": "wani james has been registered. Reason: fever", "notification_type": "NEW_VISIT", "is_read": false, "user": 1, "created_at": "2026-03-11T08:36:28.502Z"}}, {"model": "clinic.notification", "pk": 7, "fields": {"title": "New Patient Visit", "message": "aaron ek has been registered. Reason: fever", "notification_type": "NEW_VISIT", "is_read": false, "user": 1, "created_at": "2026-03-11T10:13:00.497Z"}}, {"model": "clinic.notification", "pk": 8, "fields": {"title": "New Patient Visit", "message": "benson has been registered. Reason: fever", "notification_type": "NEW_VISIT", "is_read": false, "user": 1, "created_at": "2026-03-11T10:18:39.111Z"}}, {"model": "clinic.notification", "pk": 9, "fields": {"title": "New Patient Visit", "message": "wani james has been registered. Reason: feeling headach", "notification_type": "NEW_VISIT", "is_read": false, "user": 1, "created_at": "2026-03-11T10:46:03.488Z"}}, {"model": "clinic.notification", "pk": 10, "fields": {"title": "New Patient Visit", "message": "BENSON JIGO JALE has been registered. Reason: fever", "notification_type": "NEW_VISIT", "is_read": false, "user": 1, "created_at": "2026-03-11T13:06:52.265Z"}}, {"model": "clinic.notification", "pk": 11, "fields": {"title": "New Patient Visit", "message": "BENSON JIGO JALE has been registered. Reason: fever", "notification_type": "NEW_VISIT", "is_read": false, "user": 1, "created_at": "2026-03-11T13:11:10.357Z"}}, {"model": "clinic.notification", "pk": 12, "fields": {"title": "New Patient Visit", "message": "BENSON JIGO JALE has been registered. Reason: fever", "notification_type": "NEW_VISIT", "is_read": false, "user": 1, "created_at": "2026-03-11T13:11:19.456Z"}}, {"model": "clinic.notification", "pk": 13, "fields": {"title": "New Patient Visit", "message": "BENSON JIGO JALE has been registered. Reason: fever", "notification_type": "NEW_VISIT", "is_read": false, "user": 1, "created_at": "2026-03-11T13:13:18.551Z"}}, {"model": "clinic.notification", "pk": 14, "fields": {"title": "New Patient Visit", "message": "BENSON JIGO JALE has been registered. Reason: fever", "notification_type": "NEW_VISIT", "is_read": false, "user": 1, "created_at": "2026-03-11T13:13:47.628Z"}}, {"model": "clinic.notification", "pk": 15, "fields": {"title": "New Patient Visit", "message": "BENSON JIGO JALE has been registered. Reason: fever", "notification_type": "NEW_VISIT", "is_read": false, "user": 1, "created_at": "2026-03-11T13:14:09.284Z"}}, {"model": "clinic.notification", "pk": 16, "fields": {"title": "New Patient Visit", "message": "BENSON JIGO JALE has been registered. Reason: fever", "notification_type": "NEW_VISIT", "is_read": false, "user": 1, "created_at": "2026-03-11T13:19:15.374Z"}}, {"model": "clinic.notification", "pk": 17, "fields": {"title": "New Patient Visit", "message": "wani Luke has been registered. Reason: Note feeling well", "notification_type": "NEW_VISIT", "is_read": false, "user": 1, "created_at": "2026-03-11T13:20:52.932Z"}}, {"model": "clinic.notification", "pk": 18, "fields": {"title": "New Patient Visit", "message": "Robert Kigen has been registered. Reason: fever", "notification_type": "NEW_VISIT", "is_read": false, "user": 1, "created_at": "2026-03-11T13:47:39.518Z"}}, {"model": "clinic.notification", "pk": 19, "fields": {"title": "New Patient Visit", "message": "aaron ekwaro has been registered. Reason: malaria", "notification_type": "NEW_VISIT", "is_read": false, "user": 1, "created_at": "2026-03-11T16:41:15.969Z"}}, {"model": "clinic.notification", "pk": 20, "fields": {"title": "New Patient Visit", "message": "BENSON JIGO JALE has been registered. Reason: fever", "notification_type": "NEW_VISIT", "is_read": false, "user": 1, "created_at": "2026-03-11T16:41:50.040Z"}}, {"model": "clinic.notification", "pk": 21, "fields": {"title": "New Patient Visit", "message": "Robert Kigen has been registered. Reason: he wants to finish his checkup", "notification_type": "NEW_VISIT", "is_read": false, "user": 1, "created_at": "2026-03-11T17:55:21.203Z"}}, {"model": "clinic.notification", "pk": 22, "fields": {"title": "Lab Result Ready", "message": "Your lab test (Pregnancy Test) results are ready.", "notification_type": "LAB_RESULT", "is_read": false, "user": 4, "created_at": "2026-03-11T18:09:58.613Z"}}, {"model": "clinic.notification", "pk": 23, "fields": {"title": "Lab Result Ready", "message": "Your lab test (Blood Sugar) results are ready.", "notification_type": "LAB_RESULT", "is_read": false, "user": 4, "created_at": "2026-03-11T18:11:59.155Z"}}, {"model": "clinic.auditlog", "pk": 1, "fields": {"user": 2, "action": "REGISTER", "model_name": "Patient", "object_id": 8, "description": "Registered patient: grace (23/SS/03/03/CIT-IT/FT)", "ip_address": "127.0.0.1", "timestamp": "2026-03-10T12:21:55.539Z"}}, {"model": "clinic.auditlog", "pk": 2, "fields": {"user": 3, "action": "LOGIN", "model_name": "", "object_id": null, "description": "User logged in", "ip_address": "127.0.0.1", "timestamp": "2026-03-10T12:27:34.924Z"}}, {"model": "clinic.auditlog", "pk": 3, "fields": {"user": 1, "action": "LOGIN", "model_name": "", "object_id": null, "description": "User logged in", "ip_address": "127.0.0.1", "timestamp": "2026-03-10T12:47:11.564Z"}}, {"model": "clinic.auditlog", "pk": 4, "fields": {"user": 1, "action": "LOGOUT", "model_name": "", "object_id": null, "description": "User logged out", "ip_address": "127.0.0.1", "timestamp": "2026-03-10T12:47:43.443Z"}}, {"model": "clinic.auditlog", "pk": 5, "fields": {"user": 2, "action": "LOGIN", "model_name": "", "object_id": null, "description": "User logged in", "ip_address": "127.0.0.1", "timestamp": "2026-03-10T12:47:53.294Z"}}, {"model": "clinic.auditlog", "pk": 6, "fields": {"user": 2, "action": "REGISTER", "model_name": "Patient", "object_id": 9, "description": "Registered patient: benson (23/SS/03/33/CIT-IT/FT)", "ip_address": "127.0.0.1", "timestamp": "2026-03-10T12:50:18.916Z"}}, {"model": "clinic.auditlog", "pk": 7, "fields": {"user": 2, "action": "LOGOUT", "model_name": "", "object_id": null, "description": "User logged out", "ip_address": "127.0.0.1", "timestamp": "2026-03-10T12:52:02.459Z"}}, {"model": "clinic.auditlog", "pk": 8, "fields": {"user": 3, "action": "LOGIN", "model_name": "", "object_id": null, "description": "User logged in", "ip_address": "127.0.0.1", "timestamp": "2026-03-10T12:52:14.449Z"}}, {"model": "clinic.auditlog", "pk": 9, "fields": {"user": 3, "action": "LOGOUT", "model_name": "", "object_id": null, "description": "User logged out", "ip_address": "127.0.0.1", "timestamp": "2026-03-10T12:53:33.731Z"}}, {"model": "clinic.auditlog", "pk": 10, "fields": {"user": 2, "action": "LOGIN", "model_name": "", "object_id": null, "description": "User logged in", "ip_address": "127.0.0.1", "timestamp": "2026-03-10T12:53:42.258Z"}}, {"model": "clinic.auditlog", "pk": 11, "fields": {"user": 2, "action": "LOGOUT", "model_name": "", "object_id": null, "description": "User logged out", "ip_address": "127.0.0.1", "timestamp": "2026-03-10T13:18:22.518Z"}}, {"model": "clinic.auditlog", "pk": 12, "fields": {"user": 3, "action": "LOGIN", "model_name": "", "object_id": null, "description": "User logged in", "ip_address": "127.0.0.1", "timestamp": "2026-03-10T13:18:40.298Z"}}, {"model": "clinic.auditlog", "pk": 13, "fields": {"user": 3, "action": "LOGOUT", "model_name": "", "object_id": null, "description": "User logged out", "ip_address": "127.0.0.1", "timestamp": "2026-03-10T13:19:06.124Z"}}, {"model": "clinic.auditlog", "pk": 14, "fields": {"user": 4, "action": "LOGIN", "model_name": "", "object_id": null, "description": "User logged in", "ip_address": "127.0.0.1", "timestamp": "2026-03-10T13:19:34.779Z"}}, {"model": "clinic.auditlog", "pk": 15, "fields": {"user": 4, "action": "LOGOUT", "model_name": "", "object_id": null, "description": "User logged out", "ip_address": "127.0.0.1", "timestamp": "2026-03-10T13:20:01.071Z"}}, {"model": "clinic.auditlog", "pk": 16, "fields": {"user": 5, "action": "LOGIN", "model_name": "", "object_id": null, "description": "User logged in", "ip_address": "127.0.0.1", "timestamp": "2026-03-10T13:23:59.580Z"}}, {"model": "clinic.auditlog", "pk": 17, "fields": {"user": 5, "action": "LOGOUT", "model_name": "", "object_id": null, "description": "User logged out", "ip_address": "127.0.0.1", "timestamp": "2026-03-10T13:27:49.403Z"}}, {"model": "clinic.auditlog", "pk": 18, "fields": {"user": 6, "action": "LOGIN", "model_name": "", "object_id": null, "description": "User logged in", "ip_address": "127.0.0.1", "timestamp": "2026-03-10T13:28:17.875Z"}}, {"model": "clinic.auditlog", "pk": 19, "fields": {"user": 6, "action": "LOGOUT", "model_name": "", "object_id": null, "description": "User logged out", "ip_address": "127.0.0.1", "timestamp": "2026-03-10T13:29:01.537Z"}}, {"model": "clinic.auditlog", "pk": 20, "fields": {"user": 2, "action": "LOGIN", "model_name": "", "object_id": null, "description": "User logged in", "ip_address": "127.0.0.1", "timestamp": "2026-03-10T13:29:10.307Z"}}, {"model": "clinic.auditlog", "pk": 21, "fields": {"user": 2, "action": "LOGOUT", "model_name": "", "object_id": null, "description": "User logged out", "ip_address": "127.0.0.1", "timestamp": "2026-03-10T13:30:01.656Z"}}, {"model": "clinic.auditlog", "pk": 22, "fields": {"user": 3, "action": "LOGIN", "model_name": "", "object_id": null, "description": "User logged in", "ip_address": "127.0.0.1", "timestamp": "2026-03-10T13:30:09.097Z"}}, {"model": "clinic.auditlog", "pk": 23, "fields": {"user": 3, "action": "LOGOUT", "model_name": "", "object_id": null, "description": "User logged out", "ip_address": "127.0.0.1", "timestamp": "2026-03-10T13:31:10.790Z"}}, {"model": "clinic.auditlog", "pk": 24, "fields": {"user": 4, "action": "LOGIN", "model_name": "", "object_id": null, "description": "User logged in", "ip_address": "127.0.0.1", "timestamp": "2026-03-10T13:31:31.383Z"}}, {"model": "clinic.auditlog", "pk": 25, "fields": {"user": 4, "action": "LOGOUT", "model_name": "", "object_id": null, "description": "User logged out", "ip_address": "127.0.0.1", "timestamp": "2026-03-10T13:32:51.563Z"}}, {"model": "clinic.auditlog", "pk": 26, "fields": {"user": 6, "action": "LOGIN", "model_name": "", "object_id": null, "description": "User logged in", "ip_address": "127.0.0.1", "timestamp": "2026-03-10T13:33:30.574Z"}}, {"model": "clinic.auditlog", "pk": 27, "fields": {"user": 6, "action": "DISPENSE", "model_name": "Prescription", "object_id": 1, "description": "Dispensed 2 bottles of Cough Syrup", "ip_address": "127.0.0.1", "timestamp": "2026-03-10T13:33:37.317Z"}}, {"model": "clinic.auditlog", "pk": 28, "fields": {"user": 6, "action": "LOGOUT", "model_name": "", "object_id": null, "description": "User logged out", "ip_address": "127.0.0.1", "timestamp": "2026-03-10T13:34:54.001Z"}}, {"model": "clinic.auditlog", "pk": 29, "fields": {"user": 2, "action": "LOGIN", "model_name": "", "object_id": null, "description": "User logged in", "ip_address": "127.0.0.1", "timestamp": "2026-03-10T13:35:05.561Z"}}, {"model": "clinic.auditlog", "pk": 30, "fields": {"user": 2, "action": "LOGIN", "model_name": "", "object_id": null, "description": "User logged in", "ip_address": "127.0.0.1", "timestamp": "2026-03-10T14:07:42.260Z"}}, {"model": "clinic.auditlog", "pk": 31, "fields": {"user": 2, "action": "REGISTER", "model_name": "Patient", "object_id": 10, "description": "Registered patient: aaron ek (23/SS/03/33/BIT-IT/FT)", "ip_address": "127.0.0.1", "timestamp": "2026-03-10T14:08:35.600Z"}}, {"model": "clinic.auditlog", "pk": 32, "fields": {"user": 2, "action": "LOGOUT", "model_name": "", "object_id": null, "description": "User logged out", "ip_address": "127.0.0.1", "timestamp": "2026-03-10T14:09:26.480Z"}}, {"model": "clinic.auditlog", "pk": 33, "fields": {"user": 3, "action": "LOGIN", "model_name": "", "object_id": null, "description": "User logged in", "ip_address": "127.0.0.1", "timestamp": "2026-03-10T14:09:34.497Z"}}, {"model": "clinic.auditlog", "pk": 34, "fields": {"user": 1, "action": "LOGIN", "model_name": "", "object_id": null, "description": "User logged in", "ip_address": "127.0.0.1", "timestamp": "2026-03-10T14:17:38.602Z"}}, {"model": "clinic.auditlog", "pk": 35, "fields": {"user": 1, "action": "LOGOUT", "model_name": "", "object_id": null, "description": "User logged out", "ip_address": "127.0.0.1", "timestamp": "2026-03-10T14:19:29.044Z"}}, {"model": "clinic.auditlog", "pk": 36, "fields": {"user": 4, "action": "LOGIN", "model_name": "", "object_id": null, "description": "User logged in", "ip_address": "127.0.0.1", "timestamp": "2026-03-10T14:20:12.824Z"}}, {"model": "clinic.auditlog", "pk": 37, "fields": {"user": 4, "action": "LOGOUT", "model_name": "", "object_id": null, "description": "User logged out", "ip_address": "127.0.0.1", "timestamp": "2026-03-10T14:27:43.318Z"}}, {"model": "clinic.auditlog", "pk": 38, "fields": {"user": 2, "action": "LOGIN", "model_name": "", "object_id": null, "description": "User logged in", "ip_address": "127.0.0.1", "timestamp": "2026-03-10T14:27:53.878Z"}}, {"model": "clinic.auditlog", "pk": 39, "fields": {"user": 2, "action": "LOGOUT", "model_name": "", "object_id": null, "description": "User logged out", "ip_address": "127.0.0.1", "timestamp": "2026-03-10T14:37:01.072Z"}}, {"model": "clinic.auditlog", "pk": 40, "fields": {"user": 4, "action": "LOGIN", "model_name": "", "object_id": null, "description": "User logged in", "ip_address": "127.0.0.1", "timestamp": "2026-03-10T14:37:20.931Z"}}, {"model": "clinic.auditlog", "pk": 41, "fields": {"user": 4, "action": "LOGOUT", "model_name": "", "object_id": null, "description": "User logged out", "ip_address": "127.0.0.1", "timestamp": "2026-03-10T14:57:48.626Z"}}, {"model": "clinic.auditlog", "pk": 42, "fields": {"user": 1, "action": "LOGIN", "model_name": "", "object_id": null, "description": "User logged in", "ip_address": "127.0.0.1", "timestamp": "2026-03-10T17:57:34.673Z"}}, {"model": "clinic.auditlog", "pk": 43, "fields": {"user": 2, "action": "LOGIN", "model_name": "", "object_id": null, "description": "User logged in", "ip_address": "127.0.0.1", "timestamp": "2026-03-11T08:22:16.113Z"}}, {"model": "clinic.auditlog", "pk": 44, "fields": {"user": 2, "action": "LOGOUT", "model_name": "", "object_id": null, "description": "User logged out", "ip_address": "127.0.0.1", "timestamp": "2026-03-11T08:28:12.712Z"}}, {"model": "clinic.auditlog", "pk": 45, "fields": {"user": 4, "action": "LOGIN", "model_name": "", "object_id": null, "description": "User logged in", "ip_address": "127.0.0.1", "timestamp": "2026-03-11T08:28:57.534Z"}}, {"model": "clinic.auditlog", "pk": 46, "fields": {"user": 4, "action": "LOGOUT", "model_name": "", "object_id": null, "description": "User logged out", "ip_address": "127.0.0.1", "timestamp": "2026-03-11T08:34:27.090Z"}}, {"model": "clinic.auditlog", "pk": 47, "fields": {"user": 3, "action": "LOGIN", "model_name": "", "object_id": null, "description": "User logged in", "ip_address": "127.0.0.1", "timestamp": "2026-03-11T08:34:36.386Z"}}, {"model": "clinic.auditlog", "pk": 48, "fields": {"user": 3, "action": "LOGOUT", "model_name": "", "object_id": null, "description": "User logged out", "ip_address": "127.0.0.1", "timestamp": "2026-03-11T08:35:44.373Z"}}, {"model": "clinic.auditlog", "pk": 49, "fields": {"user": 2, "action": "LOGIN", "model_name": "", "object_id": null, "description": "User logged in", "ip_address": "127.0.0.1", "timestamp": "2026-03-11T08:35:52.219Z"}}, {"model": "clinic.auditlog", "pk": 50, "fields": {"user": 2, "action": "LOGOUT", "model_name": "", "object_id": null, "description": "User logged out", "ip_address": "127.0.0.1", "timestamp": "2026-03-11T09:00:55.483Z"}}, {"model": "clinic.auditlog", "pk": 51, "fields": {"user": 4, "action": "LOGIN", "model_name": "", "object_id": null, "description": "User logged in", "ip_address": "127.0.0.1", "timestamp": "2026-03-11T09:01:13.455Z"}}, {"model": "clinic.auditlog", "pk": 52, "fields": {"user": 4, "action": "LOGOUT", "model_name": "", "object_id": null, "description": "User logged out", "ip_address": "127.0.0.1", "timestamp": "2026-03-11T09:21:25.528Z"}}, {"model": "clinic.auditlog", "pk": 53, "fields": {"user": 2, "action": "LOGIN", "model_name": "", "object_id": null, "description": "User logged in", "ip_address": "127.0.0.1", "timestamp": "2026-03-11T09:21:38.962Z"}}, {"model": "clinic.auditlog", "pk": 54, "fields": {"user": 2, "action": "LOGOUT", "model_name": "", "object_id": null, "description": "User logged out", "ip_address": "127.0.0.1", "timestamp": "2026-03-11T09:24:38.613Z"}}, {"model": "clinic.auditlog", "pk": 55, "fields": {"user": 2, "action": "LOGIN", "model_name": "", "object_id": null, "description": "User logged in", "ip_address": "127.0.0.1", "timestamp": "2026-03-11T09:25:15.774Z"}}, {"model": "clinic.auditlog", "pk": 56, "fields": {"user": 2, "action": "LOGOUT", "model_name": "", "object_id": null, "description": "User logged out", "ip_address": "127.0.0.1", "timestamp": "2026-03-11T09:25:38.151Z"}}, {"model": "clinic.auditlog", "pk": 57, "fields": {"user": 2, "action": "LOGIN", "model_name": "", "object_id": null, "description": "User logged in", "ip_address": "127.0.0.1", "timestamp": "2026-03-11T09:25:54.401Z"}}, {"model": "clinic.auditlog", "pk": 58, "fields": {"user": 2, "action": "LOGOUT", "model_name": "", "object_id": null, "description": "User logged out", "ip_address": "127.0.0.1", "timestamp": "2026-03-11T09:29:30.257Z"}}, {"model": "clinic.auditlog", "pk": 59, "fields": {"user": 2, "action": "LOGIN", "model_name": "", "object_id": null, "description": "User logged in", "ip_address": "127.0.0.1", "timestamp": "2026-03-11T09:32:40.850Z"}}, {"model": "clinic.auditlog", "pk": 60, "fields": {"user": 2, "action": "LOGOUT", "model_name": "", "object_id": null, "description": "User logged out", "ip_address": "127.0.0.1", "timestamp": "2026-03-11T09:33:28.094Z"}}, {"model": "clinic.auditlog", "pk": 61, "fields": {"user": 4, "action": "LOGIN", "model_name": "", "object_id": null, "description": "User logged in", "ip_address": "127.0.0.1", "timestamp": "2026-03-11T09:33:49.611Z"}}, {"model": "clinic.auditlog", "pk": 62, "fields": {"user": 4, "action": "LOGOUT", "model_name": "", "object_id": null, "description": "User logged out", "ip_address": "127.0.0.1", "timestamp": "2026-03-11T09:50:06.125Z"}}, {"model": "clinic.auditlog", "pk": 63, "fields": {"user": 2, "action": "LOGIN", "model_name": "", "object_id": null, "description": "User logged in", "ip_address": "127.0.0.1", "timestamp": "2026-03-11T09:50:11.836Z"}}, {"model": "clinic.auditlog", "pk": 64, "fields": {"user": 2, "action": "LOGOUT", "model_name": "", "object_id": null, "description": "User logged out", "ip_address": "127.0.0.1", "timestamp": "2026-03-11T09:50:35.992Z"}}, {"model": "clinic.auditlog", "pk": 65, "fields": {"user": 3, "action": "LOGIN", "model_name": "", "object_id": null, "description": "User logged in", "ip_address": "127.0.0.1", "timestamp": "2026-03-11T09:50:45.549Z"}}, {"model": "clinic.auditlog", "pk": 66, "fields": {"user": 3, "action": "LOGOUT", "model_name": "", "object_id": null, "description": "User logged out", "ip_address": "127.0.0.1", "timestamp": "2026-03-11T09:50:57.456Z"}}, {"model": "clinic.auditlog", "pk": 67, "fields": {"user": 4, "action": "LOGIN", "model_name": "", "object_id": null, "description": "User logged in", "ip_address": "127.0.0.1", "timestamp": "2026-03-11T09:54:17.780Z"}}, {"model": "clinic.auditlog", "pk": 68, "fields": {"user": 3, "action": "LOGIN", "model_name": "", "object_id": null, "description": "User logged in", "ip_address": "127.0.0.1", "timestamp": "2026-03-11T10:02:50.810Z"}}, {"model": "clinic.auditlog", "pk": 69, "fields": {"user": 4, "action": "LOGIN", "model_name": "", "object_id": null, "description": "User logged in", "ip_address": "127.0.0.1", "timestamp": "2026-03-11T10:03:47.129Z"}}, {"model": "clinic.auditlog", "pk": 70, "fields": {"user": 3, "action": "LOGIN", "model_name": "", "object_id": null, "description": "User logged in", "ip_address": "127.0.0.1", "timestamp": "2026-03-11T10:04:38.300Z"}}, {"model": "clinic.auditlog", "pk": 71, "fields": {"user": 3, "action": "LOGOUT", "model_name": "", "object_id": null, "description": "User logged out", "ip_address": "127.0.0.1", "timestamp": "2026-03-11T10:13:16.214Z"}}, {"model": "clinic.auditlog", "pk": 72, "fields": {"user": 4, "action": "LOGIN", "model_name": "", "object_id": null, "description": "User logged in", "ip_address": "127.0.0.1", "timestamp": "2026-03-11T10:13:31.150Z"}}, {"model": "clinic.auditlog", "pk": 73, "fields": {"user": 4, "action": "LOGOUT", "model_name": "", "object_id": null, "description": "User logged out", "ip_address": "127.0.0.1", "timestamp": "2026-03-11T10:18:04.533Z"}}, {"model": "clinic.auditlog", "pk": 74, "fields": {"user": 3, "action": "LOGIN", "model_name": "", "object_id": null, "description": "User logged in", "ip_address": "127.0.0.1", "timestamp": "2026-03-11T10:18:10.010Z"}}, {"model": "clinic.auditlog", "pk": 75, "fields": {"user": 3, "action": "LOGOUT", "model_name": "", "object_id": null, "description": "User logged out", "ip_address": "127.0.0.1", "timestamp": "2026-03-11T10:19:34.979Z"}}, {"model": "clinic.auditlog", "pk": 76, "fields": {"user": 4, "action": "LOGIN", "model_name": "", "object_id": null, "description": "User logged in", "ip_address": "127.0.0.1", "timestamp": "2026-03-11T10:20:29.865Z"}}, {"model": "clinic.auditlog", "pk": 77, "fields": {"user": 4, "action": "LOGOUT", "model_name": "", "object_id": null, "description": "User logged out", "ip_address": "127.0.0.1", "timestamp": "2026-03-11T10:21:19.097Z"}}, {"model": "clinic.auditlog", "pk": 78, "fields": {"user": 3, "action": "LOGIN", "model_name": "", "object_id": null, "description": "User logged in", "ip_address": "127.0.0.1", "timestamp": "2026-03-11T10:21:26.210Z"}}, {"model": "clinic.auditlog", "pk": 79, "fields": {"user": 3, "action": "REGISTER", "model_name": "Patient", "object_id": 11, "description": "Registered patient: BENSON JIGO JALE (23/U/03/03/Bcs-IT/FT)", "ip_address": "127.0.0.1", "timestamp": "2026-03-11T10:40:32.389Z"}}, {"model": "clinic.auditlog", "pk": 80, "fields": {"user": 3, "action": "LOGIN", "model_name": "", "object_id": null, "description": "User logged in", "ip_address": "127.0.0.1", "timestamp": "2026-03-11T10:54:40.394Z"}}, {"model": "clinic.auditlog", "pk": 81, "fields": {"user": 3, "action": "LOGOUT", "model_name": "", "object_id": null, "description": "User logged out", "ip_address": "127.0.0.1", "timestamp": "2026-03-11T10:55:00.835Z"}}, {"model": "clinic.auditlog", "pk": 82, "fields": {"user": 3, "action": "LOGIN", "model_name": "", "object_id": null, "description": "User logged in", "ip_address": "127.0.0.1", "timestamp": "2026-03-11T10:55:11.724Z"}}, {"model": "clinic.auditlog", "pk": 83, "fields": {"user": 3, "action": "LOGOUT", "model_name": "", "object_id": null, "description": "User logged out", "ip_address": "127.0.0.1", "timestamp": "2026-03-11T10:58:35.744Z"}}, {"model": "clinic.auditlog", "pk": 84, "fields": {"user": 3, "action": "LOGIN", "model_name": "", "object_id": null, "description": "User logged in", "ip_address": "127.0.0.1", "timestamp": "2026-03-11T10:59:41.629Z"}}, {"model": "clinic.auditlog", "pk": 85, "fields": {"user": 3, "action": "DELETE", "model_name": "Patient", "object_id": 9, "description": "Deleted patient: benson (23/SS/03/33/CIT-IT/FT)", "ip_address": "127.0.0.1", "timestamp": "2026-03-11T11:13:24.543Z"}}, {"model": "clinic.auditlog", "pk": 86, "fields": {"user": 3, "action": "UPDATE", "model_name": "Patient", "object_id": 10, "description": "Updated patient: aaron ekwaro (23/SS/03/33/BIT-IT/FT)", "ip_address": "127.0.0.1", "timestamp": "2026-03-11T11:16:54.681Z"}}, {"model": "clinic.auditlog", "pk": 87, "fields": {"user": 3, "action": "LOGOUT", "model_name": "", "object_id": null, "description": "User logged out", "ip_address": "127.0.0.1", "timestamp": "2026-03-11T11:18:21.296Z"}}, {"model": "clinic.auditlog", "pk": 88, "fields": {"user": 3, "action": "LOGIN", "model_name": "", "object_id": null, "description": "User logged in", "ip_address": "127.0.0.1", "timestamp": "2026-03-11T11:19:00.997Z"}}, {"model": "clinic.auditlog", "pk": 89, "fields": {"user": 3, "action": "LOGOUT", "model_name": "", "object_id": null, "description": "User logged out", "ip_address": "127.0.0.1", "timestamp": "2026-03-11T11:37:27.213Z"}}, {"model": "clinic.auditlog", "pk": 90, "fields": {"user": 1, "action": "LOGIN", "model_name": "", "object_id": null, "description": "User logged in", "ip_address": "127.0.0.1", "timestamp": "2026-03-11T11:38:02.417Z"}}, {"model": "clinic.auditlog", "pk": 91, "fields": {"user": 1, "action": "LOGOUT", "model_name": "", "object_id": null, "description": "User logged out", "ip_address": "127.0.0.1", "timestamp": "2026-03-11T11:39:32.843Z"}}, {"model": "clinic.auditlog", "pk": 92, "fields": {"user": 1, "action": "LOGIN", "model_name": "", "object_id": null, "description": "User logged in", "ip_address": "127.0.0.1", "timestamp": "2026-03-11T11:39:39.390Z"}}, {"model": "clinic.auditlog", "pk": 93, "fields": {"user": 1, "action": "LOGOUT", "model_name": "", "object_id": null, "description": "User logged out", "ip_address": "127.0.0.1", "timestamp": "2026-03-11T11:40:22.108Z"}}, {"model": "clinic.auditlog", "pk": 94, "fields": {"user": 3, "action": "LOGIN", "model_name": "", "object_id": null, "description": "User logged in", "ip_address": "127.0.0.1", "timestamp": "2026-03-11T11:40:31.538Z"}}, {"model": "clinic.auditlog", "pk": 95, "fields": {"user": 3, "action": "LOGIN", "model_name": "", "object_id": null, "description": "User logged in", "ip_address": "127.0.0.1", "timestamp": "2026-03-11T12:50:30.599Z"}}, {"model": "clinic.auditlog", "pk": 96, "fields": {"user": 3, "action": "LOGOUT", "model_name": "", "object_id": null, "description": "User logged out", "ip_address": "127.0.0.1", "timestamp": "2026-03-11T12:57:05.810Z"}}, {"model": "clinic.auditlog", "pk": 97, "fields": {"user": 4, "action": "LOGIN", "model_name": "", "object_id": null, "description": "User logged in", "ip_address": "127.0.0.1", "timestamp": "2026-03-11T12:57:26.360Z"}}, {"model": "clinic.auditlog", "pk": 98, "fields": {"user": 4, "action": "LOGOUT", "model_name": "", "object_id": null, "description": "User logged out", "ip_address": "127.0.0.1", "timestamp": "2026-03-11T13:04:18.139Z"}}, {"model": "clinic.auditlog", "pk": 99, "fields": {"user": 4, "action": "LOGIN", "model_name": "", "object_id": null, "description": "User logged in", "ip_address": "127.0.0.1", "timestamp": "2026-03-11T13:04:57.830Z"}}, {"model": "clinic.auditlog", "pk": 100, "fields": {"user": 4, "action": "LOGOUT", "model_name": "", "object_id": null, "description": "User logged out", "ip_address": "127.0.0.1", "timestamp": "2026-03-11T13:05:42.368Z"}}, {"model": "clinic.auditlog", "pk": 101, "fields": {"user": 3, "action": "LOGIN", "model_name": "", "object_id": null, "description": "User logged in", "ip_address": "127.0.0.1", "timestamp": "2026-03-11T13:05:48.102Z"}}, {"model": "clinic.auditlog", "pk": 102, "fields": {"user": 3, "action": "LOGIN", "model_name": "", "object_id": null, "description": "User logged in", "ip_address": "127.0.0.1", "timestamp": "2026-03-11T13:36:01.952Z"}}, {"model": "clinic.auditlog", "pk": 103, "fields": {"user": 3, "action": "LOGOUT", "model_name": "", "object_id": null, "description": "User logged out", "ip_address": "127.0.0.1", "timestamp": "2026-03-11T13:38:42.514Z"}}, {"model": "clinic.auditlog", "pk": 104, "fields": {"user": 4, "action": "LOGIN", "model_name": "", "object_id": null, "description": "User logged in", "ip_address": "127.0.0.1", "timestamp": "2026-03-11T13:38:58.769Z"}}, {"model": "clinic.auditlog", "pk": 105, "fields": {"user": 4, "action": "LOGOUT", "model_name": "", "object_id": null, "description": "User logged out", "ip_address": "127.0.0.1", "timestamp": "2026-03-11T13:44:56.634Z"}}, {"model": "clinic.auditlog", "pk": 106, "fields": {"user": 3, "action": "LOGIN", "model_name": "", "object_id": null, "description": "User logged in", "ip_address": "127.0.0.1", "timestamp": "2026-03-11T13:45:06.472Z"}}, {"model": "clinic.auditlog", "pk": 107, "fields": {"user": 3, "action": "LOGOUT", "model_name": "", "object_id": null, "description": "User logged out", "ip_address": "127.0.0.1", "timestamp": "2026-03-11T14:01:18.704Z"}}, {"model": "clinic.auditlog", "pk": 108, "fields": {"user": 4, "action": "LOGIN", "model_name": "", "object_id": null, "description": "User logged in", "ip_address": "127.0.0.1", "timestamp": "2026-03-11T14:01:47.944Z"}}, {"model": "clinic.auditlog", "pk": 109, "fields": {"user": 4, "action": "LOGOUT", "model_name": "", "object_id": null, "description": "User logged out", "ip_address": "127.0.0.1", "timestamp": "2026-03-11T14:09:28.800Z"}}, {"model": "clinic.auditlog", "pk": 110, "fields": {"user": 3, "action": "LOGIN", "model_name": "", "object_id": null, "description": "User logged in", "ip_address": "127.0.0.1", "timestamp": "2026-03-11T14:09:41.088Z"}}, {"model": "clinic.auditlog", "pk": 111, "fields": {"user": 3, "action": "LOGIN", "model_name": "", "object_id": null, "description": "User logged in", "ip_address": "127.0.0.1", "timestamp": "2026-03-11T16:39:40.380Z"}}, {"model": "clinic.auditlog", "pk": 112, "fields": {"user": 3, "action": "LOGIN", "model_name": "", "object_id": null, "description": "User logged in", "ip_address": "127.0.0.1", "timestamp": "2026-03-11T17:11:45.971Z"}}, {"model": "clinic.auditlog", "pk": 113, "fields": {"user": 4, "action": "LOGIN", "model_name": "", "object_id": null, "description": "User logged in", "ip_address": "127.0.0.1", "timestamp": "2026-03-11T17:49:38.671Z"}}, {"model": "clinic.auditlog", "pk": 114, "fields": {"user": 4, "action": "LOGOUT", "model_name": "", "object_id": null, "description": "User logged out", "ip_address": "127.0.0.1", "timestamp": "2026-03-11T17:52:46.521Z"}}, {"model": "clinic.auditlog", "pk": 115, "fields": {"user": 3, "action": "LOGIN", "model_name": "", "object_id": null, "description": "User logged in", "ip_address": "127.0.0.1", "timestamp": "2026-03-11T17:54:05.534Z"}}, {"model": "clinic.auditlog", "pk": 116, "fields": {"user": 3, "action": "LOGOUT", "model_name": "", "object_id": null, "description": "User logged out", "ip_address": "127.0.0.1", "timestamp": "2026-03-11T17:55:30.507Z"}}, {"model": "clinic.auditlog", "pk": 117, "fields": {"user": 4, "action": "LOGIN", "model_name": "", "object_id": null, "description": "User logged in", "ip_address": "127.0.0.1", "timestamp": "2026-03-11T17:55:47.513Z"}}, {"model": "clinic.auditlog", "pk": 118, "fields": {"user": 4, "action": "LOGOUT", "model_name": "", "object_id": null, "description": "User logged out", "ip_address": "127.0.0.1", "timestamp": "2026-03-11T18:09:30.315Z"}}, {"model": "clinic.auditlog", "pk": 119, "fields": {"user": 5, "action": "LOGIN", "model_name": "", "object_id": null, "description": "User logged in", "ip_address": "127.0.0.1", "timestamp": "2026-03-11T18:09:42.085Z"}}, {"model": "clinic.auditlog", "pk": 120, "fields": {"user": 5, "action": "LOGOUT", "model_name": "", "object_id": null, "description": "User logged out", "ip_address": "127.0.0.1", "timestamp": "2026-03-11T18:10:18.157Z"}}, {"model": "clinic.auditlog", "pk": 121, "fields": {"user": 4, "action": "LOGIN", "model_name": "", "object_id": null, "description": "User logged in", "ip_address": "127.0.0.1", "timestamp": "2026-03-11T18:10:35.853Z"}}, {"model": "clinic.auditlog", "pk": 122, "fields": {"user": 4, "action": "LOGOUT", "model_name": "", "object_id": null, "description": "User logged out", "ip_address": "127.0.0.1", "timestamp": "2026-03-11T18:11:26.672Z"}}, {"model": "clinic.auditlog", "pk": 123, "fields": {"user": 5, "action": "LOGIN", "model_name": "", "object_id": null, "description": "User logged in", "ip_address": "127.0.0.1", "timestamp": "2026-03-11T18:11:32.665Z"}}, {"model": "clinic.auditlog", "pk": 124, "fields": {"user": 5, "action": "LOGOUT", "model_name": "", "object_id": null, "description": "User logged out", "ip_address": "127.0.0.1", "timestamp": "2026-03-11T18:12:07.951Z"}}, {"model": "clinic.auditlog", "pk": 125, "fields": {"user": 4, "action": "LOGIN", "model_name": "", "object_id": null, "description": "User logged in", "ip_address": "127.0.0.1", "timestamp": "2026-03-11T18:12:26.802Z"}}, {"model": "clinic.auditlog", "pk": 126, "fields": {"user": 3, "action": "LOGIN", "model_name": "", "object_id": null, "description": "User logged in", "ip_address": "127.0.0.1", "timestamp": "2026-03-12T06:52:57.354Z"}}, {"model": "clinic.auditlog", "pk": 127, "fields": {"user": 3, "action": "LOGOUT", "model_name": "", "object_id": null, "description": "User logged out", "ip_address": "127.0.0.1", "timestamp": "2026-03-12T06:58:05.775Z"}}, {"model": "clinic.auditlog", "pk": 128, "fields": {"user": 4, "action": "LOGIN", "model_name": "", "object_id": null, "description": "User logged in", "ip_address": "127.0.0.1", "timestamp": "2026-03-12T07:06:45.074Z"}}, {"model": "clinic.auditlog", "pk": 129, "fields": {"user": 4, "action": "LOGOUT", "model_name": "", "object_id": null, "description": "User logged out", "ip_address": "127.0.0.1", "timestamp": "2026-03-12T07:13:59.730Z"}}, {"model": "clinic.auditlog", "pk": 130, "fields": {"user": 3, "action": "LOGIN", "model_name": "", "object_id": null, "description": "User logged in", "ip_address": "127.0.0.1", "timestamp": "2026-03-12T07:30:58.452Z"}}, {"model": "clinic.auditlog", "pk": 131, "fields": {"user": 3, "action": "LOGOUT", "model_name": "", "object_id": null, "description": "User logged out", "ip_address": "127.0.0.1", "timestamp": "2026-03-12T07:31:03.912Z"}}]
